STT,Nhà cung cấp,Tỉnh,Tên GNODEB,Tên CELL,Mã VNP,Loại NE,GNODEB_ID,CELL_ID,Ngày,Giờ,USER_UL_AVG_THROUGHPUT,CQI_5G,INTRA_SGNB_PS_CHANGE,USER_AVG_NUMBER,DLINK_RES_BLK_ULT,ULINK_RES_BLK_ULT,CELL_AVAIBILITY_RATE,USER_MAX_NUMBER,UL_TRAFFIC_VOLUME,DL_TRAFFIC_VOLUME,CELL_UL_AVG_THROUGHPUT,CELL_DL_AVG_THROUGHPUT,SGNB_ABN_RELEASE_RATE,SGNB_ADD_SUCCESS_RATE,USER_DL_AVG_THROUGHPUT,TRAFFIC,INTER_SGNB_PS_CHANGE
1,ERICSSON,DONG THAP,LN-CBE002M-TGG,5G-CBE002A13-TGG,,CELL,7900011,13,07/10/2026,0:00:00,0.65286,95.32485,100,3.03175,1.86389,0.91484,99.55556,7,0.00249,0.1489,3.1331,114.03074,0,94.11765,290.64054,0.1514,100
2,ERICSSON,DONG THAP,5G-CBE003M-TGG,5G-CBE003A12-TGG,,CELL,7900039,12,07/10/2026,2:00:00,0.71715,99.44228,100,0.79306,1.24359,0.01782,100,7,0.00007,0.18611,0.144,114.38433,0,100,355.58222,0.18618,
3,ERICSSON,DONG THAP,5G-CBE003M-TGG,5G-CBE003A13-TGG,,CELL,7900039,13,05/10/2026,16:00:00,1.08081,98.7037,100,18.65694,4.48859,0.71508,100,29,0.01113,5.81442,0.77695,147.72574,0.24085,100,325.63859,5.82555,100
4,ERICSSON,DONG THAP,LN-CBE006M-TGG,5G-CBE006A11-TGG,,CELL,7900012,11,07/10/2026,0:00:00,,,,0,,,,0,,,,,,,,,
5,ERICSSON,DONG THAP,LN-CBE006M-TGG,5G-CBE006A12-TGG,,CELL,7900012,12,05/10/2026,16:00:00,4.21491,99.87023,100,6.36667,2.44033,1.1682,100,14,0.06905,4.06547,5.10758,121.88373,0.13369,100,566.47905,4.13452,100
6,ERICSSON,DONG THAP,5G-CBE007M-TGG,5G-CBE007A11-TGG,,CELL,7900096,11,07/10/2026,4:00:00,7.94411,100,,1.06667,0.90125,0.19591,100,2,0.00094,0.02605,7.01072,102.97211,0,100,488.577,0.02699,
7,ERICSSON,DONG THAP,5G-CLA004M-DTP,5G-CLA004A13-DTP,,CELL,7100001,13,07/10/2026,6:00:00,2.51477,99.11255,100,13.68333,3.05757,1.56382,100,31,0.10545,5.35977,5.09471,109.53471,0.20683,99.94949,462.08637,5.46522,100
8,ERICSSON,DONG THAP,5G-CLA008M-DTP,5G-CLA008A12-DTP,,CELL,7100009,12,06/10/2026,7:00:00,0.66169,99.66409,100,3.01111,1.16212,0.26412,100,8,0.01254,0.47018,3.83701,103.24072,0.16234,99.84277,429.80712,0.48272,100
9,ERICSSON,DONG THAP,LN-CLA009M-DTP,5G-CLA009A12-DTP,,CELL,7100016,12,07/10/2026,12:00:00,3.99192,99.74047,100,1.09583,0.94652,0.54175,100,5,0.02397,0.45748,6.3654,72.79348,0,100,387.16125,0.48145,100
10,ERICSSON,DONG THAP,5G-CLA012M-DTP,5G-CLA012A13-DTP,,CELL,7100017,13,07/10/2026,19:00:00,0.68958,98.92105,100,10.63889,3.51051,5.71872,100,18,0.1635,5.29438,4.07913,82.96978,1.2844,100,317.27364,5.45789,100
11,ERICSSON,DONG THAP,LN-CLA012E-TGG,5G-CLA012M21-TGG,,CELL,7900422,21,05/10/2026,23:00:00,9.78144,99.49418,100,1.07639,2.65223,0.27294,100,9,0.0168,0.1843,1.14044,11.51935,0,99.21875,43.81648,0.2011,100
12,ERICSSON,DONG THAP,LN-CLA012E-TGG,5G-CLA012M23-TGG,,CELL,7900422,23,05/10/2026,9:00:00,13.98941,98.7265,100,1.35694,2.99555,0.31313,100,7,0.02671,0.28607,2.73628,20.50792,0,100,53.76049,0.31278,
13,ERICSSON,DONG THAP,LN-CLA017M-DTP,5G-CLA017A13-DTP,,CELL,7100122,13,05/10/2026,12:00:00,7.84072,99.75516,100,1.50694,1.18302,0.22063,100,5,0.0182,0.78188,4.33622,122.72645,0,100,677.50769,0.80008,100
14,ERICSSON,DONG THAP,5G-CLA031M-DTP,5G-CLA031A13-DTP,,CELL,7100007,13,07/10/2026,8:00:00,3.6282,99.78037,100,19.175,4.68914,3.00793,100,29,0.20477,8.99428,6.2595,113.05668,0.3532,100,438.55403,9.19905,100
15,ERICSSON,DONG THAP,5G-CLA032M-DTP,5G-CLA032A12-DTP,,CELL,7100008,12,07/10/2026,4:00:00,4.09113,99.95236,100,1.51563,0.99182,0.0769,100,4,0.00046,0.01606,4.77789,82.71251,0,100,357.48171,0.01652,
16,ERICSSON,DONG THAP,LN-CLA033E-TGG,5G-CLA033M21-TGG,,CELL,7900453,21,07/10/2026,19:00:00,6.63947,95.34438,100,4.89861,9.29021,1.84974,100,11,0.12885,1.41247,3.52249,23.95494,0,100,34.11332,1.54133,99.74093
17,ERICSSON,DONG THAP,5G-CLA044M-DTP,5G-CLA044A11-DTP,,CELL,7100014,11,05/10/2026,5:00:00,1.4035,99.87937,100,1.25386,1.53043,7.54773,100,3,0.3205,1.33468,8.9677,46.66625,0,100,552.68049,1.65518,100
18,ERICSSON,DONG THAP,5G-CLA045M-DTP,5G-CLA045A11-DTP,,CELL,7100004,11,05/10/2026,12:00:00,0.48593,99.45804,100,12.14306,2.70552,2.9536,100,24,0.10683,3.67168,3.75113,101.51499,0.17575,99.9189,394.53466,3.7785,100
19,ERICSSON,DONG THAP,LN-CLA045E-TGG,5G-CLA045M22-TGG,,CELL,7900468,22,06/10/2026,19:00:00,23.23803,94.15654,100,0.23472,2.0701,0.16638,100,4,0.02201,0.03911,13.60381,18.02317,0,100,39.20037,0.06113,100
20,ERICSSON,DONG THAP,5G-CLA046M-DTP,5G-CLA046A11-DTP,,CELL,7100006,11,06/10/2026,15:00:00,0.34687,99.17514,100,21.01667,5.07979,3.39814,100,30,0.13104,8.64757,3.03978,103.86489,1.75667,100,368.47529,8.77861,100
21,ERICSSON,DONG THAP,LN-CLA047E-TGG,5G-CLA047M21-TGG,,CELL,7900471,21,06/10/2026,13:00:00,3.18398,90.58169,100,3.41111,6.96466,2.04427,100,10,0.07046,0.72331,2.52815,18.78005,0.29499,100,28.06567,0.79377,100
22,ERICSSON,DONG THAP,LN-CLA047E-TGG,5G-CLA047M23-TGG,,CELL,7900471,23,06/10/2026,13:00:00,1.16497,92.50278,100,5.70972,8.82232,9.66113,100,13,0.19829,0.99313,1.84563,12.83257,0.23697,100,27.17627,1.19142,100
23,ERICSSON,DONG THAP,5G-CLA057M-DTP,5G-CLA057A11-DTP,,CELL,7100214,11,06/10/2026,1:00:00,10.65064,99.92129,100,1.86567,1.73086,0.28394,100,4,0.00205,0.16187,4.70118,130.58524,19.64286,98.24561,383.7065,0.16392,
24,ERICSSON,DONG THAP,SL-CLA061M-TGG,5G-CLA061M23-TGG,,CELL,7901204,23,05/10/2026,5:00:00,6.01763,99.72852,100,1.70694,3.3518,0.48106,100,5,0.02775,0.39806,1.1335,14.34455,0,100,62.79579,0.42581,100
25,ERICSSON,DONG THAP,LN-CLA068E-TGG,5G-CLA068M21-TGG,,CELL,7900482,21,05/10/2026,17:00:00,1.52876,81.732,100,1.76944,4.89887,1.42236,100,7,0.04481,0.2535,1.79212,10.52451,0,100,16.89331,0.29832,100
26,ERICSSON,DONG THAP,5G-CLA069M-DTP,5G-CLA069A13-DTP,,CELL,7100627,13,05/10/2026,23:00:00,5.69821,99.551,,6.81364,1.93069,0.61978,100,12,0.01508,0.62661,5.45615,125.45877,0.98039,91.96429,383.83865,0.6417,100
27,ERICSSON,DONG THAP,LN-CTH002M-TGG,5G-CTH002A11-TGG,,CELL,7900109,11,07/10/2026,23:00:00,1.40966,99.33055,100,3.89796,2.46633,1.42648,100,6,0.00715,0.399,3.98839,114.9596,0,91.30435,284.55062,0.40614,100
28,ERICSSON,DONG THAP,5G-CTH008M-DTP,5G-CTH008A13-DTP,,CELL,7100048,13,07/10/2026,19:00:00,0.75204,93.85585,100,4.87222,2.05911,3.49968,100,10,0.11553,1.98741,4.78766,72.04084,1.0989,100,273.33535,2.10295,100
29,ERICSSON,DONG THAP,SL-CTH023X-TGG,5G-CTH023M23-TGG,,CELL,7900439,23,07/10/2026,23:00:00,8.12742,90.02636,100,5.79444,9.73512,1.55028,100,12,0.08543,1.04833,3.14007,19.47518,0,100,24.76073,1.13376,100
30,ERICSSON,DONG THAP,5G-CTH029M-TGG,5G-CTH029A13-TGG,,CELL,7900018,13,05/10/2026,6:00:00,1.08917,99.07761,100,1.31528,0.95958,0.16928,100,7,0.00727,0.2579,3.32525,75.90727,0.3663,99.62687,250.56019,0.26517,100
31,ERICSSON,DONG THAP,5G-GCD018M-TGG,5G-GCD018A12-TGG,,CELL,7900081,12,06/10/2026,19:00:00,0.4299,99.04794,100,1.75556,1.1316,0.34195,100,6,0.01026,0.5142,2.33901,107.64488,0,100,322.72016,0.52446,
32,ERICSSON,DONG THAP,5G-GCO026M-TGG,5G-GCO026A11-TGG,,CELL,7902074,11,07/10/2026,2:00:00,5.73297,99.56317,,1.82412,1.43696,0.11995,100,4,0.00188,0.26312,4.83491,209.16439,0,97.4359,322.79258,0.26499,100
33,ERICSSON,DONG THAP,5G-GCO026M-TGG,5G-GCO026A13-TGG,,CELL,7902074,13,06/10/2026,23:00:00,1.45816,99.55537,100,1.87037,1.54372,0.49376,100,5,0.00569,0.4171,3.99939,177.57803,0,96.22642,576.39048,0.42279,100
34,ERICSSON,DONG THAP,LN-GCT006M-TGG,5G-GCT006A13-TGG,,CELL,7900083,13,06/10/2026,21:00:00,0.16036,91.11285,100,5.84444,2.13988,1.85821,100,11,0.03697,1.22233,1.39606,62.05685,1.75953,100,177.37627,1.2593,100
35,ERICSSON,DONG THAP,5G-HCL026M-DTP,5G-HCL026A13-DTP,,CELL,7100033,13,05/10/2026,5:00:00,1.60694,99.71097,100,2.52448,1.6005,0.50255,100,7,0.02007,1.10741,4.28943,108.54927,0.26667,100,319.6063,1.12748,100
36,ERICSSON,DONG THAP,5G-HCL038M-DTP,5G-HCL038A13-DTP,,CELL,7100200,13,06/10/2026,6:00:00,0.81478,97.34887,100,1.56667,1.10523,0.62723,100,6,0.01551,0.42215,2.93654,70.3034,0.42373,100,309.13354,0.43767,100
37,ERICSSON,DONG THAP,5G-HCL043M-DTP,5G-HCL043A13-DTP,,CELL,7100557,13,07/10/2026,21:00:00,1.25752,97.3691,100,2.33611,1.91282,1.02354,100,6,0.04195,1.34602,3.15022,65.53417,0.18484,100,197.33803,1.38797,100
38,ERICSSON,DONG THAP,LN-HCL061M-TGG,5G-HCL061A11-TGG,,CELL,7900276,11,07/10/2026,16:00:00,0.49366,94.66997,100,11.67361,3.29898,3.97751,100,29,0.1069,3.80608,3.21047,73.43396,0.14144,99.90109,230.71091,3.91298,100
39,ERICSSON,DONG THAP,5G-HHN023M-DTP,5G-HHN023A12-DTP,,CELL,7100197,12,06/10/2026,16:00:00,0.84664,95.53676,100,4.92778,1.9945,1.14579,100,13,0.03712,1.7009,3.26535,87.76342,0.38551,100,266.72774,1.73803,100
40,ERICSSON,DONG THAP,5G-HNG031M-DTP,5G-HNG031A13-DTP,,CELL,7100112,13,06/10/2026,6:00:00,1.7801,99.42166,100,5.07917,1.43793,0.40497,100,11,0.03412,1.18481,5.06349,111.84123,0,99.87624,405.81313,1.21893,100
41,ERICSSON,DONG THAP,5G-HNG056M-DTP,5G-HNG056A11-DTP,,CELL,7100392,11,07/10/2026,12:00:00,3.14549,99.76061,100,4.51944,1.48707,0.52215,100,10,0.02661,1.08899,4.30306,89.86573,0.3861,100,429.85185,1.1156,100
42,ERICSSON,DONG THAP,5G-HNG056M-DTP,5G-HNG056A11-DTP,,CELL,7100392,11,06/10/2026,17:00:00,2.30709,98.97414,100,10.19028,3.14099,3.19372,100,20,0.16368,4.0937,6.57829,81.18463,0.24984,99.86902,276.94087,4.25738,100
43,ERICSSON,DONG THAP,5G-HNG056M-DTP,5G-HNG056A13-DTP,,CELL,7100392,13,06/10/2026,22:00:00,1.07857,98.54329,100,3.48194,1.85033,0.92602,100,8,0.0296,1.36835,3.90203,91.3018,15.38462,100,200.14538,1.39795,100
44,ERICSSON,DONG THAP,5G-LVO004M-DTP,5G-LVO004A11-DTP,,CELL,7100205,11,06/10/2026,16:00:00,1.16187,95.40765,100,7.1125,2.1709,2.32367,100,13,0.07513,1.95687,4.91323,95.81951,0,99.90715,253.26142,2.032,100
45,ERICSSON,DONG THAP,5G-LVO004M-DTP,5G-LVO004A13-DTP,,CELL,7100205,13,05/10/2026,11:00:00,5.16921,99.75239,100,8.39583,3.61266,1.90154,100,17,0.14049,5.37528,6.89544,122.08693,0.58005,99.78495,407.96174,5.51577,100
46,ERICSSON,DONG THAP,LN-LVO013M-DTP,5G-LVO013A12-DTP,,CELL,7100068,12,06/10/2026,14:00:00,0.74914,99.24312,100,11.78194,2.74297,2.91864,100,21,0.12617,3.57648,4.35617,77.1686,0.83565,100,332.32193,3.70265,100
47,ERICSSON,DONG THAP,5G-LVO053M-DTP,5G-LVO053A12-DTP,,CELL,7100603,12,07/10/2026,21:00:00,0.52053,99.66835,100,4.26389,1.8384,1.03859,100,10,0.0493,2.09481,3.62585,125.99911,0.58252,99.79839,443.08652,2.14412,100
48,ERICSSON,DONG THAP,5G-LVU020M-DTP,5G-LVU020A11-DTP,,CELL,7100063,11,06/10/2026,9:00:00,1.24562,99.74994,100,1.11389,0.88705,0.43643,100,5,0.014,0.30131,4.3348,78.29475,0,100,350.43138,0.3153,
49,ERICSSON,DONG THAP,5G-LVU020M-DTP,5G-LVU020A12-DTP,,CELL,7100063,12,07/10/2026,21:00:00,0.69083,97.81656,100,1.3625,1.05672,0.2407,100,4,0.00767,0.31836,2.23461,72.13756,0,100,232.68245,0.32602,100
50,ERICSSON,DONG THAP,5G-LVU052M-DTP,5G-LVU052A11-DTP,,CELL,7100241,11,07/10/2026,19:00:00,1.34198,99.19697,100,3.51111,1.64493,0.64734,100,8,0.02792,1.51238,3.881,124.67348,0.22422,100,460.59792,1.5403,100
51,ERICSSON,DONG THAP,SL-MTH002E-TGG,5G-MTH002M22-TGG,,CELL,7900406,22,07/10/2026,22:00:00,0.74629,69.02025,100,1.16667,4.40815,3.12622,100,3,0.00945,0.03474,0.87997,6.78341,2.27273,100,16.29738,0.04419,
52,ERICSSON,DONG THAP,5G-MTH004M-TGG,5G-MTH004A13-TGG,,CELL,7900248,13,06/10/2026,23:00:00,0.9642,96.52047,100,1.05023,0.95769,0.20648,100,4,0.0018,0.0986,3.46212,134.47892,0,99.20635,475.11477,0.1004,100
53,ERICSSON,DONG THAP,5G-MTH007M-TGG,5G-MTH007A11-TGG,,CELL,7900034,11,05/10/2026,15:00:00,1.62905,99.00893,100,21.5,4.59606,4.33675,100,37,0.20467,8.76279,5.70217,97.60597,0.29902,100,351.24436,8.96746,100
54,ERICSSON,DONG THAP,5G-MTH007M-TGG,5G-MTH007A12-TGG,,CELL,7900034,12,07/10/2026,6:00:00,0.64326,98.62728,100,4.19306,2.10437,1.40234,100,8,0.04241,2.46985,3.21516,108.11886,0,100,380.33121,2.51226,100
55,ERICSSON,DONG THAP,5G-MTH009M-TGG,5G-MTH009A11-TGG,,CELL,7900249,11,06/10/2026,6:00:00,4.30792,99.78471,100,6.04306,1.53038,0.82504,100,16,0.07018,1.61362,7.90245,106.34519,0,100,499.87456,1.68381,100
56,ERICSSON,DONG THAP,5G-MTH019M-TGG,5G-MTH019A11-TGG,,CELL,7900251,11,07/10/2026,0:00:00,,,100,0.29508,,,,2,,,,,0,100,,,
57,ERICSSON,DONG THAP,5G-MTH019M-TGG,5G-MTH019A11-TGG,,CELL,7900251,11,07/10/2026,11:00:00,5.37751,99.33332,100,10.70694,2.69364,1.24714,100,21,0.11317,4.96307,5.19184,103.23692,0.19029,100,533.50671,5.07624,100
58,ERICSSON,DONG THAP,5G-MTH019M-TGG,5G-MTH019A12-TGG,,CELL,7900251,12,05/10/2026,21:00:00,15.10771,99.92709,100,5.54306,2.20408,0.52783,100,10,0.06728,3.77704,6.40804,153.34745,0.3937,100,626.34876,3.84433,100
59,ERICSSON,DONG THAP,5G-MTH019M-TGG,5G-MTH019A13-TGG,,CELL,7900251,13,06/10/2026,14:00:00,11.66305,98.16367,100,11.02917,2.53102,2.00819,100,20,0.16621,3.97685,8.60653,97.04862,0.32072,99.93498,395.6292,4.14306,99.82578
60,ERICSSON,DONG THAP,LN-MTH022M-TGG,5G-MTH022A11-TGG,,CELL,7900051,11,07/10/2026,4:00:00,53.9968,100,100,0.20968,0.41066,0.02091,100,3,0.00029,0.01513,7.63027,138.43961,0,100,722.85638,0.01542,100
61,ERICSSON,DONG THAP,5G-MTH024M-TGG,5G-MTH024A13-TGG,,CELL,7900049,13,06/10/2026,1:00:00,,99.54442,,0.51613,0.66234,0.0053,100,2,0,0.0002,0.18133,25.54979,0,100,,0.0002,100
62,ERICSSON,DONG THAP,5G-MTH024M-TGG,5G-MTH024A13-TGG,,CELL,7900049,13,06/10/2026,5:00:00,3.41222,99.90847,100,0.47445,0.59094,0.14873,100,4,0.00675,0.10727,5.53273,54.72925,0,100,194.89732,0.11402,100
63,ERICSSON,DONG THAP,LN-MTH025M-TGG,5G-MTH025A13-TGG,,CELL,7900010,13,05/10/2026,6:00:00,4.37449,99.25661,100,5.84306,1.68935,0.88308,100,15,0.041,1.71129,4.85185,94.58274,0.09158,99.90983,435.07865,1.75229,100
64,ERICSSON,DONG THAP,5G-MTH027M-TGG,5G-MTH027A12-TGG,,CELL,7900089,12,06/10/2026,5:00:00,12.34881,99.68478,100,1.8237,1.13419,0.06072,100,5,0.00578,0.34681,4.39459,114.69146,0,100,501.32876,0.3526,100
65,ERICSSON,DONG THAP,5G-MTH027M-TGG,5G-MTH027A12-TGG,,CELL,7900089,12,07/10/2026,11:00:00,27.19263,99.93193,100,9.39583,1.90619,1.05373,100,16,0.14504,2.52568,11.28689,105.36021,0,100,402.9608,2.67071,100
